Afghanistan 	700	AF	3
Albania 	339	AL	1
Algeria 	615	AG	4
Andorra 	232	AN	1
Angola 	540	AO	4
Anguilla 	-9999	AV	5
Antarctica 	-9999	AY	 0
Antigua & Barbuda 	58	AC	5
Argentina 	160	AR	5
Armenia 	371	AM	1
Aruba 	-9999	AA	5
Ashmore and Cartier Islands 	-9999	AT	3
Australia 	900	AS	3
Austria 	305	AU	1
Azerbaijan 	373	AJ	1
Bahamas 	31	BF	5
Bahrain 	692	BA	2
Bangladesh 	771	BG	3
Barbados 	53	BB	5
Bassas da India 	-9999	BS	 4
Belarus 	370	BO	1
Belgium 	211	BE	1
Belize 	80	BH	5
Benin 	434	BN	4
Bermuda 	-9999	BD	5
Bhutan 	760	BT	3
Bolivia 	145	BL	5
Bosnia-Herzegovina 	346	BK	1
Botswana 	571	BC	4
Bouvet Island 	-9999	BV	 0
Brazil 	140	BR	5
British Indian Ocean territory 	-9999	IO	0
British Virgin Islands 	-9999	VI	 5
Brunei 	835	BX	3
Bulgaria 	355	BU	1
Burkina Faso 	439	UV	4
Burma 	775	BM	3
Burundi 	516	BY	4
Cambodia 	811	CB	3
Cameroun 	471	CM	4
Canada 	20	CA	5
Cape Verde 	402	CV	4
Cayman Islands 	-9999	CJ	5
Central African Republic 	482	CT	4
Chad 	483	CD	4
Chile 	155	CI	5
China 	710	CH	3
Christmas Island 	-9999	KT	 0
Clippeton Island 	-9999	IP	3
Cocos (Keeling) Islands 	-9999	CK	3
Colombia 	100	CO	5
Comoros 	581	CN	4
Congo 	484	CF	4
Cook Islands 	-9999	CW	3
Coral Sea Islands 	-9999	CR	3
Costa Rica 	94	CS	5
Cote D'Ivoire/Ivory Coast 	437	IV	4
Croatia 	344	HR	1
Cuba 	40	CU	5
Cyprus 	352	CY	1
Democratic Republic of Congo/Zaire 	490	CG	4
Denmark 	390	DA	1
Djibouti 	522	DJ	4
Dominica 	54	DO	5
Dominican Republic 	42	DR	5
East Timor 	860	TT	 3
Ecuador 	130	EC	5
Egypt 	651	EG	2
El Salvador 	92	ES	5
Equatorial Guinea 	411	EK	4
Eritrea 	531	ER	4
Estonia 	366	EN	1
Ethiopia 	530	ET	4
Europa Island 	-9999	EU	4
Falkland Islands (Islas Malvinas) 	-9999	FK	5
Faeroe Islands 	-9999	FO	1
Fiji 	950	FJ	3
Finland 	375	FI	1
France 	220	FR	1
French Guiana 	-9999	FG	5
French Polynesia 	-9999	FP	 3
French Southern and Antarctic lands 	-9999	FS	 0
Gabon 	481	GB	4
Gambia 	420	GA	4
Gaza Strip 	-9999	GZ	 2
Georgia 	372	GG	1
Germany 	255	GM	1
Ghana 	452	GH	4
Gibraltar 	-9999	GI	 1
Glorioso Islands 	-9999	GO	4
Greece 	350	GR	1
Greenland 	-9999	GL	 0
Grenada 	55	GJ	5
Guadeloupe 	-9999	GP	 5
Guatemala 	90	GT	5
Guernsey 	-9999	GK	 1
Guinea 	438	GV	4
Guinea-Bissau 	404	PU	4
Guyana 	110	GY	5
Haiti 	41	HA	5
Heard Islands and McDonald Islands 	-9999	HM	 0
Honduras 	91	HO	5
Hong Kong 	-9999	HK	 3
Hungary 	310	HU	1
Iceland 	395	IC	1
India 	750	IN	3
Indonesia 	850	ID	3
Iran 	630	IR	2
Iraq 	645	IZ	2
Ireland 	205	EI	1
Isle of Man 	-9999	IM	1
Israel 	666	IS	2
Italy 	325	IT	1
Jamaica 	51	JM	5
Jan Mayen Island 	-9999	JN	0
Japan 	740	JA	3
Jersey 	-9999	JE	 1
Jordan 	663	JO	2
Juan de Nova Island 	-9999	JU	 4
Kazakhstan 	705	KZ	3
Kenya 	501	KE	4
Korea, North 	731	KN	3
Korea, South 	732	KS	3
Kingman Reef 	-9999	KQ	 3
Kiribati 	946	KR	 3
Kuwait 	690	KU	2
Kyrgyz Republic 	703	KG	3
Laos 	812	LA	3
Latvia 	367	LG	1
Lebanon 	660	LE	2
Lesotho 	570	LT	4
Liberia 	450	LI	4
Libya 	620	LY	4
Liechtenstein 	223	LS	1
Lithuania 	368	LH	1
Luxemburg 	212	LU	1
Macau 	-9999	MC	 3
Macedonia 	343	MK	1
Madagascar/Malagasy Republic 	580	MA	4
Malawi 	553	MI	4
Malaysia 	820	MY	3
Maldive Islands 	781	MV	3
Mali 	432	ML	4
Malta 	338	MT	1
Marshall Islands 	983	MH	3
Martinique 	-9999	MB	 5
Mauritania 	435	MR	4
Mauritius 	590	MP	4
Mayotte 	-9999	MF	 4
Mexico 	70	MX	5
Moldova 	359	MD	1
Monaco 	221	MN	1
Mongolia 	712	MG	3
Montenegro 	-9999	MW	 1
Montserrat 	-9999	MH	 5
Morocco 	600	MO	4
Mozambique 	541	MZ	4
Namibia 	565	WA	4
Nauru 	970	NR	 3
Nepal 	790	NP	3
Netherlands 	210	NL	1
Netherlands Antilles 	-9999	NT	 5
New Caledonia 	-9999	NC	 3
New Zealand 	920	NZ	3
Nicaragua 	93	NU	5
Niger 	436	NG	4
Nigeria 	475	NI	4
Niue 	-9999	NE	 3
Norfolk Island 	-9999	NF	 3
Norway 	385	NO	1
Oman 	698	MU	2
Pakistan 	770	PK	3
Palau 	986	PS	3
Panama 	95	PM	5
Papua New Guinea 	910	PP	3
Paracel Islands 	-9999	PF	 3
Paraguay 	150	PA	5
Peru 	135	PE	5
Philippines 	840	RP	3
Pitcairn Islands 	-9999	PC	 3
Poland 	290	PL	1
Portugal 	235	PO	1
Qatar 	694	QA	2
Republic of China 	713	TW	3
Reunion 	-9999	RE	 4
Rumania 	360	RO	1
Russia 	365	RS	1
Rwanda 	517	RW	4
Western Samoa 	990	WS	3
San Marino 	331	SM	1
Sao Tome-Principe 	403	TP	4
Saudi Arabia 	670	SA	2
Senegal 	433	SG	4
Serbia 	345	SR	 1
Seychelles 	591	SE	4
Sierra Leone 	451	SL	4
Singapore 	830	SN	3
Slovakia 	317	LO	1
Slovenia 	349	SI	1
Solomon Islands 	940	BP	3
Somalia 	520	SO	4
South Africa 	560	SF	4
South Georgia and South Sandwich Islands 	-9999	SX	 5
Spain 	230	SP	1
Spratly Islands 	-9999	PG	 3
Sri Lanka 	780	CE	3
St. Helena 	-9999	SH	 4
St. Kitts-Nevis 	60	SC	5
St. Lucia 	56	ST	5
St. Pierre and Miquelon 	-9999	SB	 5
St. Vincent and the Grenadines 	57	VC	5
Sudan 	625	SU	4
Surinam 	115	NS	5
Svalbard 	-9999	SV	 1
Swaziland 	572	WZ	4
Sweden 	380	SW	1
Switzerland 	225	SZ	1
Syria 	652	SY	2
Tajikistan 	702	TI	3
Tanzania 	510	TZ	4
Thailand 	800	TH	3
Togo 	461	TO	4
Tokelau 	-9999	TL	 3
Tonga 	955	TN	 3
Trinidad and Tobago 	52	TD	5
Tromelin Island 	-9999	TE	 4
Tunisia 	616	TS	4
Turkey 	640	TU	2
Turkmenistan 	701	TX	3
Turks and Caicos Islands 	-9999	TK	 5
Tuvalu 	947	TV	 3
Uganda 	500	UG	4
Ukraine 	369	UP	1
United Kingdom 	200	UK	1
United States of America 	2	US	5
Uruguay 	165	UY	5
Uzbekistan 	704	UZ	3
Vanuatu 	935	NH	3
Vatican City 	-9999	VT	 1
Venezuela 	101	VE	5
Vietnam, Dem. Rep. of 	816	VM	3
Wallis and Futuna 	-9999	WF	 3
West Bank 	-9999	WE	 2
Czechoslovakia 	315 	CZ
Zambia	551	ZA
Puerto Rico	-9999	RQ
Zimbabwe	552	ZI
Marshall Islands	983	RM
Midway Islands	-9999	MQ
Johnston Atoll	-9999	JQ
Howland Island	-9999	HQ
Guam	-9999	GQ
Baker Island	-9999	FQ
Federated States of Micronesia	987	FM
Jarvis Island	-9999	DQ
Northern Mariana Islands	-9999	CQ
American Samoa	990	AQ
Yugoslavia	345	YO
Palestine	-9999	PI
Yemen	679	YM
Yemen - Nord	678	YN
United Arab Emirates	696	TC
United Arab Emirates	696	AE
Czech Republic	316	EZ
Yemen - South	680	YS
Union of Soviet Socialist Republics	365	UR
Vietnam - North	816	VN
Vietnam - South	817	VS
Germany - West	260	GW
Virgin Islands	-9999	VQ
Germany - East	265	GE
Western Sahara	-9999	WI
Wake Island	-9999	WQ
Taiwan	713	
Zanzibar	511	
